Author,Rating
Ravi Mantri,4.8 out of 5 stars
Morgan Housel,4.6 out of 5 stars
Morgan Housel,4.3 out of 5 stars
Shantanu Naidu,4.7 out of 5 stars
Rhonda Byrne,4.5 out of 5 stars
Nikhil Gupta,4.5 out of 5 stars
Wonder House Books,4.5 out of 5 stars
Shaurya Kapoor,3.3 out of 5 stars
Dr. Manish Raj (MR. Sir),4.7 out of 5 stars
Aditya Ranjan Sir,4.3 out of 5 stars
Joseph Nguyen,4.5 out of 5 stars
James Clear,4.6 out of 5 stars
Joseph Murphy,4.4 out of 5 stars
Francesc Miralles,4.6 out of 5 stars
Rithvik Singh,4.1 out of 5 stars
Maple Press,4.5 out of 5 stars
Renuka Gavrani,4.4 out of 5 stars
Fyodor Dostoyevsky,4.5 out of 5 stars
Wonder House Books,4.5 out of 5 stars
Morgan Housel,4.6 out of 5 stars
Brianna Wiest,4.3 out of 5 stars
Brianna Wiest,4.6 out of 5 stars
Team Pegasus,4.6 out of 5 stars
Wonder House Books,4.4 out of 5 stars
Thibaut Meurisse,4.4 out of 5 stars
Aditya Ranjan Sir,4.3 out of 5 stars
M Laxmikanth,4.6 out of 5 stars
M Laxmikanth,4.0 out of 5 stars
Subah Saraf,4.8 out of 5 stars
Eric Jorgenson,4.6 out of 5 stars
Rachel Bright,4.7 out of 5 stars
Joseph Murphy,4.5 out of 5 stars
Dale Carnegie,4.5 out of 5 stars
Maple Press,4.3 out of 5 stars
KVS Madaan,4.4 out of 5 stars
Khan Sir Patna,4.0 out of 5 stars
Leil Lowndes,4.4 out of 5 stars
Jeff Keller,4.5 out of 5 stars
Maple Press,4.4 out of 5 stars
Joseph Murphy,4.5 out of 5 stars
Pankaj Sijairya,4.4 out of 5 stars
Dr. Vipin Sharma,4.6 out of 5 stars
Alex Michaelides,4.5 out of 5 stars
Wonder House Books,4.4 out of 5 stars
Educart,4.8 out of 5 stars
Educart,4.6 out of 5 stars
Napoleon Hill,4.4 out of 5 stars
Oswaal Editorial Board,4.6 out of 5 stars
Wonder House Books,4.3 out of 5 stars
Chitra Banerjee Divakaruni,4.5 out of 5 stars
